tag,c_physics,region,n_points,MAE_all,MSE_all,RMSE_all,R2_all,MaxAbsError_all,RelL2_all,MAE_U_x,MSE_U_x,RMSE_U_x,R2_U_x,MaxAbsError_U_x,RelL2_U_x,MAE_U_y,MSE_U_y,RMSE_U_y,R2_U_y,MaxAbsError_U_y,RelL2_U_y,MAE_p,MSE_p,RMSE_p,R2_p,MaxAbsError_p,RelL2_p
cphys_0,0.0,inside_box,712800,0.020860581126257043,0.0012387720954887562,0.03519619433246663,0.8649276193999246,0.2100639045238495,0.35935910555175105,0.03650074432816389,0.0028419635273638022,0.05331006966196726,0.718491568040999,0.2100639045238495,0.45292732739574865,0.018931104449696926,0.000712812488807638,0.026698548440086362,0.945984487171726,0.14391061663627625,0.2285755618183522,0.00714989460091031,0.00016154027029482873,0.012709849341940633,0.8035455136183807,0.059295978397130966,0.3551252546680571
cphys_0,0.0,outside_box,728992,0.00888498032315211,0.0007351928935671193,0.02711444068328018,0.9667564762304216,2.8275941610336304,0.18178104404656298,0.013271010887879821,0.0010772205643838442,0.03282103844158262,0.9738142469486151,0.6336424220353365,0.15517848109742916,0.009834736302683366,0.00047483219430783557,0.021790644651038565,0.9743092930690479,0.40495724976062775,0.1584649450715666,0.003549193778893143,0.0006535259220096783,0.025564153066543752,0.7878484803333339,2.8275941610336304,0.45896880486858815
