tag,c_physics,region,n_points,MAE_all,MSE_all,RMSE_all,R2_all,MaxAbsError_all,RelL2_all,MAE_U_x,MSE_U_x,RMSE_U_x,R2_U_x,MaxAbsError_U_x,RelL2_U_x,MAE_U_y,MSE_U_y,RMSE_U_y,R2_U_y,MaxAbsError_U_y,RelL2_U_y,MAE_p,MSE_p,RMSE_p,R2_p,MaxAbsError_p,RelL2_p
cphys_0.1,0.1,inside_box,712800,0.013244931812909021,0.0004757465934613574,0.021811616021316656,0.9481258698228523,0.14454218745231628,0.22270029395843707,0.018240163410713762,0.0007373684415347484,0.027154528932293198,0.9269605567580785,0.14454218745231628,0.23070741220149865,0.016229886410501847,0.0005984405856283156,0.024463045305691513,0.9546513625427101,0.10666059702634811,0.20943664173669788,0.005264745617511457,9.143075322100819e-05,0.0095619429626519,0.8888080252017955,0.047138016670942307,0.2671697624713712
cphys_0.1,0.1,outside_box,728992,0.007647531880355168,0.0006367154205368182,0.0252332205740135,0.9712093732103786,2.792112022638321,0.16916893968717792,0.010692344568420052,0.0007939529364099999,0.028177170482679766,0.9807000940989778,0.5559990871697664,0.13322218688808557,0.009041561330920173,0.0004502523973078327,0.021219151663245932,0.9756391783816263,0.3387192636728287,0.1543089594929101,0.003208689741725279,0.0006659409278926217,0.025805831276915336,0.7838182463731604,2.792112022638321,0.4633078009263997
