tag,c_physics,region,n_points,MAE_all,MSE_all,RMSE_all,R2_all,MaxAbsError_all,RelL2_all,MAE_U_x,MSE_U_x,RMSE_U_x,R2_U_x,MaxAbsError_U_x,RelL2_U_x,MAE_U_y,MSE_U_y,RMSE_U_y,R2_U_y,MaxAbsError_U_y,RelL2_U_y,MAE_p,MSE_p,RMSE_p,R2_p,MaxAbsError_p,RelL2_p
cphys_0.05,0.05,inside_box,360448,0.009703125582341458,0.0002032055225561855,0.014255017451977584,0.979121755704939,0.07611299306154251,0.13992968814445167,0.013286569025319167,0.0003053834356110812,0.01747522347814417,0.9674673479871334,0.07180306315422058,0.13094351843780114,0.011172568014481379,0.00024622408820084807,0.01569152918618348,0.9755117525019176,0.07611299306154251,0.1448824611204572,0.004650239707223823,5.800904385662719e-05,0.0076163668409962495,0.9389986320338775,0.03482692316174507,0.19079284583895495
cphys_0.05,0.05,outside_box,1081344,0.006600949312108605,0.00042565460115253143,0.020631398429397155,0.9761611438907378,2.801725208759308,0.15436641634365025,0.009236227194942114,0.0005214673617862666,0.022835659871925457,0.9839131485273546,0.5506157130002975,0.1250391877082732,0.008086666292549966,0.0003106703198941344,0.017625842388213235,0.9823934197261311,0.35722093284130096,0.13199629228669155,0.002479954448833736,0.0004448261217771934,0.021090901397929712,0.8088246115390911,2.801725208759308,0.4301001638109966
