tag,c_physics,region,n_points,MAE_all,MSE_all,RMSE_all,R2_all,MaxAbsError_all,RelL2_all,MAE_U_x,MSE_U_x,RMSE_U_x,R2_U_x,MaxAbsError_U_x,RelL2_U_x,MAE_U_y,MSE_U_y,RMSE_U_y,R2_U_y,MaxAbsError_U_y,RelL2_U_y,MAE_p,MSE_p,RMSE_p,R2_p,MaxAbsError_p,RelL2_p
cphys_0.5,0.5,inside_box,360448,0.008439714422045191,0.00016872118054887813,0.012989271748211219,0.9826648312460278,0.08433876931667328,0.12750491194232674,0.011531262994574555,0.0002578128405904926,0.016056551329301463,0.9725350675599158,0.08433876931667328,0.12031327254071646,0.010189250604851199,0.00021476306001114615,0.01465479648480818,0.9786407129967377,0.07048287987709045,0.13531013814816395,0.0035986296667098196,3.35876410449956e-05,0.005795484539276729,0.9646797824221379,0.027315322309732437,0.14517906127006314
cphys_0.5,0.5,outside_box,1081344,0.00660830606643516,0.0004314403071550352,0.020771141209741828,0.9758371144722593,2.8021888732910156,0.1554119873593778,0.009146881856666485,0.0005360844447064205,0.02315349746164541,0.9834622231979258,0.5636428445577621,0.12677954267347383,0.008067314063815527,0.0003108281143106218,0.01763031804337692,0.9823844770628551,0.3889171630144119,0.13202980954357768,0.0026107222788234693,0.00044740836244806293,0.02115202974771128,0.8077148276500948,2.8021888732910156,0.4313467351527568
