tag,c_physics,region,n_points,MAE_all,MSE_all,RMSE_all,R2_all,MaxAbsError_all,RelL2_all,MAE_U_x,MSE_U_x,RMSE_U_x,R2_U_x,MaxAbsError_U_x,RelL2_U_x,MAE_U_y,MSE_U_y,RMSE_U_y,R2_U_y,MaxAbsError_U_y,RelL2_U_y,MAE_p,MSE_p,RMSE_p,R2_p,MaxAbsError_p,RelL2_p
cphys_0,0.0,inside_box,360448,0.013354332233364559,0.00044615193354310327,0.021122308906535367,0.9541603547775075,0.10610511898994446,0.20734019499725237,0.02004278583307835,0.0008131082976208293,0.028515053877221228,0.9133791613735026,0.10610511898994446,0.21366602194224635,0.014611724831757407,0.00044302628290259855,0.02104818953978224,0.955938765605156,0.10451023280620575,0.19434138422523126,0.0054084860352579195,8.232122010588194e-05,0.009073104215530753,0.9134323425238569,0.038102202117443085,0.22728466341152487
cphys_0,0.0,outside_box,1081344,0.006991044689123594,0.00045625759021098366,0.021360187035955085,0.9744472184434328,2.7994382679462433,0.15981929370683134,0.00955323906803341,0.0006096365444443056,0.024690819031459966,0.9811931996871706,0.6471858392469585,0.13519731739135463,0.008798879566269022,0.00032971185360034747,0.018157969423929193,0.9813142812624045,0.38956889510154724,0.13598128172396148,0.00262101543306835,0.0004294243725882979,0.020722557095790517,0.8154439066749092,2.7994382679462433,0.4225886335212355
