tag,c_physics,region,n_points,MAE_all,MSE_all,RMSE_all,R2_all,MaxAbsError_all,RelL2_all,MAE_U_x,MSE_U_x,RMSE_U_x,R2_U_x,MaxAbsError_U_x,RelL2_U_x,MAE_U_y,MSE_U_y,RMSE_U_y,R2_U_y,MaxAbsError_U_y,RelL2_U_y,MAE_p,MSE_p,RMSE_p,R2_p,MaxAbsError_p,RelL2_p
cphys_0.1,0.1,inside_box,360448,0.00975202525535824,0.00021701866140258014,0.014731553258315301,0.9777025320357747,0.08543838560581207,0.14460744508127332,0.01338271594607218,0.00034200861718909994,0.01849347498954969,0.9635656488501075,0.08543838560581207,0.13857337425765973,0.011155020426120847,0.00025184357405413693,0.015869580147380616,0.9749528658333028,0.0799999088048935,0.1465264348311786,0.004718339393881698,5.720379296450363e-05,0.007563318911992514,0.9398454207880049,0.0333290658891201,0.18946397532210868
cphys_0.1,0.1,outside_box,1081344,0.006700817284264873,0.00044126498104593494,0.021006308125083164,0.975286881991343,2.8030432164669037,0.15717153236007475,0.009015315749083635,0.000540769785446119,0.023254457324266224,0.9833176841795679,0.5690576583147049,0.12733235959595593,0.00848095329064742,0.0003348076980872304,0.018297751175683594,0.9810254851036597,0.36747024953365326,0.13702807838505374,0.00260618281306356,0.0004482174596044554,0.02117114686559175,0.8073670974795779,2.8030432164669037,0.4317365845658687
