tag,c_physics,region,n_points,MAE_all,MSE_all,RMSE_all,R2_all,MaxAbsError_all,RelL2_all,MAE_U_x,MSE_U_x,RMSE_U_x,R2_U_x,MaxAbsError_U_x,RelL2_U_x,MAE_U_y,MSE_U_y,RMSE_U_y,R2_U_y,MaxAbsError_U_y,RelL2_U_y,MAE_p,MSE_p,RMSE_p,R2_p,MaxAbsError_p,RelL2_p
cphys_0.05,0.05,inside_box,712800,0.014011760928551198,0.0005038998138522308,0.02244771288688963,0.9450561183216664,0.15846467018127441,0.22919495069596157,0.018779479821777998,0.0007545244661227001,0.027468608740209254,0.9252611804170724,0.15846467018127441,0.23337586356332227,0.01759205087680051,0.0006545802564822656,0.025584766101769733,0.9503972099306268,0.1171131432056427,0.21904008372689765,0.005663752087075087,0.00010259471895172637,0.01012890512107436,0.8752311557957496,0.04872087389230728,0.2830112233321641
cphys_0.05,0.05,outside_box,728992,0.0077684731914394916,0.0006309848639515087,0.02511941209406599,0.9714684941781185,2.791081517934799,0.16840594315157287,0.010626601592429358,0.0007982038937954906,0.028252502434217938,0.9805967591608892,0.5714675188064575,0.13357835775813912,0.009398139502493928,0.00044445393409434276,0.02108207613339689,0.9759529031476667,0.3437037765979767,0.1533121249955356,0.0032806784793951898,0.000650296763964693,0.02550091692399889,0.78889674906058,2.791081517934799,0.45783348789983247
