tag,c_physics,region,n_points,MAE_all,MSE_all,RMSE_all,R2_all,MaxAbsError_all,RelL2_all,MAE_U_x,MSE_U_x,RMSE_U_x,R2_U_x,MaxAbsError_U_x,RelL2_U_x,MAE_U_y,MSE_U_y,RMSE_U_y,R2_U_y,MaxAbsError_U_y,RelL2_U_y,MAE_p,MSE_p,RMSE_p,R2_p,MaxAbsError_p,RelL2_p
cphys_0.01,0.01,inside_box,360448,0.010398927542587214,0.00026427580130511353,0.016256561792246032,0.9728471221081327,0.09404771029949188,0.15957718954419228,0.014321140903876633,0.0004034984110356509,0.020087269875113712,0.9570151099790328,0.07915718853473663,0.15051583154554152,0.011761945250290924,0.00031460935733436634,0.017737230824860072,0.9687104870042927,0.09404771029949188,0.1637707596803316,0.005113696473594076,7.471963554532341e-05,0.008644052032775105,0.9214260453342378,0.03714435547590256,0.21653674532008768
cphys_0.01,0.01,outside_box,1081344,0.006177266419734175,0.0004044761130478782,0.020111591509571744,0.9773472486084398,2.8023816347122192,0.1504771631900808,0.008322823036322752,0.0004890277783262424,0.022113972468243745,0.9849138837587377,0.614262558054179,0.12108750830676857,0.007761377316970472,0.0002917779365982807,0.0170815086159941,0.9834641054072625,0.37088410556316376,0.12791988912156388,0.002447598905909305,0.00043262262421911153,0.020799582308765517,0.8140693763405086,2.8023816347122192,0.4241593846282212
