tag,c_physics,region,n_points,MAE_all,MSE_all,RMSE_all,R2_all,MaxAbsError_all,RelL2_all,MAE_U_x,MSE_U_x,RMSE_U_x,R2_U_x,MaxAbsError_U_x,RelL2_U_x,MAE_U_y,MSE_U_y,RMSE_U_y,R2_U_y,MaxAbsError_U_y,RelL2_U_y,MAE_p,MSE_p,RMSE_p,R2_p,MaxAbsError_p,RelL2_p
cphys_0.01,0.01,inside_box,712800,0.016189910073277376,0.0007041260762313358,0.026535374054859975,0.9232239846978213,0.17314118146896362,0.27093066357573253,0.02405131795896209,0.0012951389244498267,0.035988038630214714,0.8717110461550741,0.17314118146896362,0.30575773504619735,0.01748830619619018,0.0006517016978747172,0.025528448794917353,0.9506153413773037,0.1372586525976658,0.2185579316697262,0.007030106064679859,0.00016553760636946354,0.012866141860303871,0.7986842204931195,0.05583060160279274,0.3594922159823272
cphys_0.01,0.01,outside_box,728992,0.007915042339571807,0.0006721318981220076,0.0259255067090695,0.9696079315686817,2.839279294013977,0.17381017488282183,0.011392687823485365,0.0009308142835462991,0.030509249147533918,0.977373182641025,0.5989998579025269,0.14424829825430285,0.009086130982618268,0.00042458468513982095,0.020605452801135453,0.9770279251405896,0.38288751244544983,0.14984604625504108,0.0032663082126117853,0.0006609967256799023,0.02570985658614031,0.7854232630643763,2.839279294013977,0.46158470886823594
