tag,c_physics,region,n_points,MAE_all,MSE_all,RMSE_all,R2_all,MaxAbsError_all,RelL2_all,MAE_U_x,MSE_U_x,RMSE_U_x,R2_U_x,MaxAbsError_U_x,RelL2_U_x,MAE_U_y,MSE_U_y,RMSE_U_y,R2_U_y,MaxAbsError_U_y,RelL2_U_y,MAE_p,MSE_p,RMSE_p,R2_p,MaxAbsError_p,RelL2_p
cphys_0.5,0.5,inside_box,712800,0.011812381025592664,0.00037884107657479424,0.019463840231947915,0.9586921869903249,0.12345108389854431,0.19872910549033207,0.016906662078101122,0.0006034312260367519,0.02456483718726326,0.9402276008818891,0.12345108389854431,0.2087051494340191,0.01377840307438386,0.0004645333503944426,0.021553035758204518,0.9647985865267807,0.11426384747028351,0.18452303758678412,0.0047520779242930114,6.855865329318825e-05,0.008280015295468256,0.9166235453540654,0.04183828458189964,0.23135148665811045
cphys_0.5,0.5,outside_box,728992,0.008911326274025697,0.0006960812781503116,0.026383352291744724,0.9685250024609551,2.771634340286255,0.17687967017512674,0.012624976260569642,0.0008922693235324087,0.02987087751527244,0.9783101577022806,0.5544188320636749,0.1412300652862528,0.010490462621818068,0.0005115565711527655,0.02261761638972519,0.9723223275387931,0.39857636392116547,0.16447881172146714,0.0036185399396893823,0.0006844179397657605,0.026161382604246292,0.7778201275292573,2.771634340286255,0.46969123038521077
